Disruption ID,Begin,End,Last Update,Cause,Severity,Title,Message,Tags
a181004e-0246-11ef-bcf2-0a58a9feac02,20240625T223500,20240625T233700,20240424T162625,TRAVAUX,PERTURBEE,Ligne N : Plaisir Gr. - Mantes-la-J 10 au 28/06/24,"<p>P&#233;riode : en semaine, le soir &#224; partir de 22h35.</p><p>Dates : du lundi 10 juin au vendredi 28 juin 2024 (sauf le vendredi 21 juin 2024).</p><p>Le trafic est interrompu de  Plaisir - Grignon vers Mantes-la-Jolie.<br><br>Dernier train &#224; circuler de Paris Montparnasse &#224; Mantes la Jolie : 20h50.<br><br>Un service de bus de remplacement est mis en place, avec desserte des gares interm&#233;diaires.</p><p>Les horaires du calculateur d'itin&#233;raire tiennent compte des travaux.</p><p>Motif : travaux de maintenance.<br></p>",Actualité
a181004e-0246-11ef-bcf2-0a58a9feac02,20240626T223500,20240626T233700,20240424T162625,TRAVAUX,PERTURBEE,Ligne N : Plaisir Gr. - Mantes-la-J 10 au 28/06/24,"<p>P&#233;riode : en semaine, le soir &#224; partir de 22h35.</p><p>Dates : du lundi 10 juin au vendredi 28 juin 2024 (sauf le vendredi 21 juin 2024).</p><p>Le trafic est interrompu de  Plaisir - Grignon vers Mantes-la-Jolie.<br><br>Dernier train &#224; circuler de Paris Montparnasse &#224; Mantes la Jolie : 20h50.<br><br>Un service de bus de remplacement est mis en place, avec desserte des gares interm&#233;diaires.</p><p>Les horaires du calculateur d'itin&#233;raire tiennent compte des travaux.</p><p>Motif : travaux de maintenance.<br></p>",Actualité
a181004e-0246-11ef-bcf2-0a58a9feac02,20240627T223500,20240627T233700,20240424T162625,TRAVAUX,PERTURBEE,Ligne N : Plaisir Gr. - Mantes-la-J 10 au 28/06/24,"<p>P&#233;riode : en semaine, le soir &#224; partir de 22h35.</p><p>Dates : du lundi 10 juin au vendredi 28 juin 2024 (sauf le vendredi 21 juin 2024).</p><p>Le trafic est interrompu de  Plaisir - Grignon vers Mantes-la-Jolie.<br><br>Dernier train &#224; circuler de Paris Montparnasse &#224; Mantes la Jolie : 20h50.<br><br>Un service de bus de remplacement est mis en place, avec desserte des gares interm&#233;diaires.</p><p>Les horaires du calculateur d'itin&#233;raire tiennent compte des travaux.</p><p>Motif : travaux de maintenance.<br></p>",Actualité
a181004e-0246-11ef-bcf2-0a58a9feac02,20240628T223500,20240628T233700,20240424T162625,TRAVAUX,PERTURBEE,Ligne N : Plaisir Gr. - Mantes-la-J 10 au 28/06/24,"<p>P&#233;riode : en semaine, le soir &#224; partir de 22h35.</p><p>Dates : du lundi 10 juin au vendredi 28 juin 2024 (sauf le vendredi 21 juin 2024).</p><p>Le trafic est interrompu de  Plaisir - Grignon vers Mantes-la-Jolie.<br><br>Dernier train &#224; circuler de Paris Montparnasse &#224; Mantes la Jolie : 20h50.<br><br>Un service de bus de remplacement est mis en place, avec desserte des gares interm&#233;diaires.</p><p>Les horaires du calculateur d'itin&#233;raire tiennent compte des travaux.</p><p>Motif : travaux de maintenance.<br></p>",Actualité
7afafa36-0248-11ef-9935-0a58a9feac02,20240603T220000,20240604T023300,20240424T163939,TRAVAUX,PERTURBEE,Ligne N : Paris Montp. - Dreux du 3 au 28/06/24,"<p>P&#233;riode : en semaine, le soir &#224; partir de 22h00.</p><p>Dates : du lundi 03 juin au vendredi 28 juin 2024 (sauf le vendredi 21 juin 2024).<br></p><p>Le trafic est interrompu entre Paris Montparnasse et Dreux dans les 2 sens.<br></p><p>Dernier train de Paris Montparnasse vers Dreux : 22h58.<br>Dernier train de Dreux vers Paris Montparnasse : 21h52.<br><br>Un service de bus de remplacement est mis en place, avec desserte des gares interm&#233;diaires.</p><p>Les horaires du calculateur d'itin&#233;raire tiennent compte des travaux.</p><p>Motif : travaux de maintenance.<br></p>",Actualité
7afafa36-0248-11ef-9935-0a58a9feac02,20240604T220000,20240605T023300,20240424T163939,TRAVAUX,PERTURBEE,Ligne N : Paris Montp. - Dreux du 3 au 28/06/24,"<p>P&#233;riode : en semaine, le soir &#224; partir de 22h00.</p><p>Dates : du lundi 03 juin au vendredi 28 juin 2024 (sauf le vendredi 21 juin 2024).<br></p><p>Le trafic est interrompu entre Paris Montparnasse et Dreux dans les 2 sens.<br></p><p>Dernier train de Paris Montparnasse vers Dreux : 22h58.<br>Dernier train de Dreux vers Paris Montparnasse : 21h52.<br><br>Un service de bus de remplacement est mis en place, avec desserte des gares interm&#233;diaires.</p><p>Les horaires du calculateur d'itin&#233;raire tiennent compte des travaux.</p><p>Motif : travaux de maintenance.<br></p>",Actualité
7afafa36-0248-11ef-9935-0a58a9feac02,20240605T220000,20240606T023300,20240424T163939,TRAVAUX,PERTURBEE,Ligne N : Paris Montp. - Dreux du 3 au 28/06/24,"<p>P&#233;riode : en semaine, le soir &#224; partir de 22h00.</p><p>Dates : du lundi 03 juin au vendredi 28 juin 2024 (sauf le vendredi 21 juin 2024).<br></p><p>Le trafic est interrompu entre Paris Montparnasse et Dreux dans les 2 sens.<br></p><p>Dernier train de Paris Montparnasse vers Dreux : 22h58.<br>Dernier train de Dreux vers Paris Montparnasse : 21h52.<br><br>Un service de bus de remplacement est mis en place, avec desserte des gares interm&#233;diaires.</p><p>Les horaires du calculateur d'itin&#233;raire tiennent compte des travaux.</p><p>Motif : travaux de maintenance.<br></p>",Actualité
7afafa36-0248-11ef-9935-0a58a9feac02,20240606T220000,20240607T023300,20240424T163939,TRAVAUX,PERTURBEE,Ligne N : Paris Montp. - Dreux du 3 au 28/06/24,"<p>P&#233;riode : en semaine, le soir &#224; partir de 22h00.</p><p>Dates : du lundi 03 juin au vendredi 28 juin 2024 (sauf le vendredi 21 juin 2024).<br></p><p>Le trafic est interrompu entre Paris Montparnasse et Dreux dans les 2 sens.<br></p><p>Dernier train de Paris Montparnasse vers Dreux : 22h58.<br>Dernier train de Dreux vers Paris Montparnasse : 21h52.<br><br>Un service de bus de remplacement est mis en place, avec desserte des gares interm&#233;diaires.</p><p>Les horaires du calculateur d'itin&#233;raire tiennent compte des travaux.</p><p>Motif : travaux de maintenance.<br></p>",Actualité
7afafa36-0248-11ef-9935-0a58a9feac02,20240610T220000,20240611T023300,20240424T163939,TRAVAUX,PERTURBEE,Ligne N : Paris Montp. - Dreux du 3 au 28/06/24,"<p>P&#233;riode : en semaine, le soir &#224; partir de 22h00.</p><p>Dates : du lundi 03 juin au vendredi 28 juin 2024 (sauf le vendredi 21 juin 2024).<br></p><p>Le trafic est interrompu entre Paris Montparnasse et Dreux dans les 2 sens.<br></p><p>Dernier train de Paris Montparnasse vers Dreux : 22h58.<br>Dernier train de Dreux vers Paris Montparnasse : 21h52.<br><br>Un service de bus de remplacement est mis en place, avec desserte des gares interm&#233;diaires.</p><p>Les horaires du calculateur d'itin&#233;raire tiennent compte des travaux.</p><p>Motif : travaux de maintenance.<br></p>",Actualité
7afafa36-0248-11ef-9935-0a58a9feac02,20240611T220000,20240612T023300,20240424T163939,TRAVAUX,PERTURBEE,Ligne N : Paris Montp. - Dreux du 3 au 28/06/24,"<p>P&#233;riode : en semaine, le soir &#224; partir de 22h00.</p><p>Dates : du lundi 03 juin au vendredi 28 juin 2024 (sauf le vendredi 21 juin 2024).<br></p><p>Le trafic est interrompu entre Paris Montparnasse et Dreux dans les 2 sens.<br></p><p>Dernier train de Paris Montparnasse vers Dreux : 22h58.<br>Dernier train de Dreux vers Paris Montparnasse : 21h52.<br><br>Un service de bus de remplacement est mis en place, avec desserte des gares interm&#233;diaires.</p><p>Les horaires du calculateur d'itin&#233;raire tiennent compte des travaux.</p><p>Motif : travaux de maintenance.<br></p>",Actualité
7afafa36-0248-11ef-9935-0a58a9feac02,20240612T220000,20240613T023300,20240424T163939,TRAVAUX,PERTURBEE,Ligne N : Paris Montp. - Dreux du 3 au 28/06/24,"<p>P&#233;riode : en semaine, le soir &#224; partir de 22h00.</p><p>Dates : du lundi 03 juin au vendredi 28 juin 2024 (sauf le vendredi 21 juin 2024).<br></p><p>Le trafic est interrompu entre Paris Montparnasse et Dreux dans les 2 sens.<br></p><p>Dernier train de Paris Montparnasse vers Dreux : 22h58.<br>Dernier train de Dreux vers Paris Montparnasse : 21h52.<br><br>Un service de bus de remplacement est mis en place, avec desserte des gares interm&#233;diaires.</p><p>Les horaires du calculateur d'itin&#233;raire tiennent compte des travaux.</p><p>Motif : travaux de maintenance.<br></p>",Actualité
7afafa36-0248-11ef-9935-0a58a9feac02,20240613T220000,20240614T023300,20240424T163939,TRAVAUX,PERTURBEE,Ligne N : Paris Montp. - Dreux du 3 au 28/06/24,"<p>P&#233;riode : en semaine, le soir &#224; partir de 22h00.</p><p>Dates : du lundi 03 juin au vendredi 28 juin 2024 (sauf le vendredi 21 juin 2024).<br></p><p>Le trafic est interrompu entre Paris Montparnasse et Dreux dans les 2 sens.<br></p><p>Dernier train de Paris Montparnasse vers Dreux : 22h58.<br>Dernier train de Dreux vers Paris Montparnasse : 21h52.<br><br>Un service de bus de remplacement est mis en place, avec desserte des gares interm&#233;diaires.</p><p>Les horaires du calculateur d'itin&#233;raire tiennent compte des travaux.</p><p>Motif : travaux de maintenance.<br></p>",Actualité
7afafa36-0248-11ef-9935-0a58a9feac02,20240617T220000,20240618T023300,20240424T163939,TRAVAUX,PERTURBEE,Ligne N : Paris Montp. - Dreux du 3 au 28/06/24,"<p>P&#233;riode : en semaine, le soir &#224; partir de 22h00.</p><p>Dates : du lundi 03 juin au vendredi 28 juin 2024 (sauf le vendredi 21 juin 2024).<br></p><p>Le trafic est interrompu entre Paris Montparnasse et Dreux dans les 2 sens.<br></p><p>Dernier train de Paris Montparnasse vers Dreux : 22h58.<br>Dernier train de Dreux vers Paris Montparnasse : 21h52.<br><br>Un service de bus de remplacement est mis en place, avec desserte des gares interm&#233;diaires.</p><p>Les horaires du calculateur d'itin&#233;raire tiennent compte des travaux.</p><p>Motif : travaux de maintenance.<br></p>",Actualité
7afafa36-0248-11ef-9935-0a58a9feac02,20240618T220000,20240619T023300,20240424T163939,TRAVAUX,PERTURBEE,Ligne N : Paris Montp. - Dreux du 3 au 28/06/24,"<p>P&#233;riode : en semaine, le soir &#224; partir de 22h00.</p><p>Dates : du lundi 03 juin au vendredi 28 juin 2024 (sauf le vendredi 21 juin 2024).<br></p><p>Le trafic est interrompu entre Paris Montparnasse et Dreux dans les 2 sens.<br></p><p>Dernier train de Paris Montparnasse vers Dreux : 22h58.<br>Dernier train de Dreux vers Paris Montparnasse : 21h52.<br><br>Un service de bus de remplacement est mis en place, avec desserte des gares interm&#233;diaires.</p><p>Les horaires du calculateur d'itin&#233;raire tiennent compte des travaux.</p><p>Motif : travaux de maintenance.<br></p>",Actualité
7afafa36-0248-11ef-9935-0a58a9feac02,20240619T220000,20240620T023300,20240424T163939,TRAVAUX,PERTURBEE,Ligne N : Paris Montp. - Dreux du 3 au 28/06/24,"<p>P&#233;riode : en semaine, le soir &#224; partir de 22h00.</p><p>Dates : du lundi 03 juin au vendredi 28 juin 2024 (sauf le vendredi 21 juin 2024).<br></p><p>Le trafic est interrompu entre Paris Montparnasse et Dreux dans les 2 sens.<br></p><p>Dernier train de Paris Montparnasse vers Dreux : 22h58.<br>Dernier train de Dreux vers Paris Montparnasse : 21h52.<br><br>Un service de bus de remplacement est mis en place, avec desserte des gares interm&#233;diaires.</p><p>Les horaires du calculateur d'itin&#233;raire tiennent compte des travaux.</p><p>Motif : travaux de maintenance.<br></p>",Actualité
7afafa36-0248-11ef-9935-0a58a9feac02,20240624T220000,20240625T023300,20240424T163939,TRAVAUX,PERTURBEE,Ligne N : Paris Montp. - Dreux du 3 au 28/06/24,"<p>P&#233;riode : en semaine, le soir &#224; partir de 22h00.</p><p>Dates : du lundi 03 juin au vendredi 28 juin 2024 (sauf le vendredi 21 juin 2024).<br></p><p>Le trafic est interrompu entre Paris Montparnasse et Dreux dans les 2 sens.<br></p><p>Dernier train de Paris Montparnasse vers Dreux : 22h58.<br>Dernier train de Dreux vers Paris Montparnasse : 21h52.<br><br>Un service de bus de remplacement est mis en place, avec desserte des gares interm&#233;diaires.</p><p>Les horaires du calculateur d'itin&#233;raire tiennent compte des travaux.</p><p>Motif : travaux de maintenance.<br></p>",Actualité
7afafa36-0248-11ef-9935-0a58a9feac02,20240625T220000,20240626T023300,20240424T163939,TRAVAUX,PERTURBEE,Ligne N : Paris Montp. - Dreux du 3 au 28/06/24,"<p>P&#233;riode : en semaine, le soir &#224; partir de 22h00.</p><p>Dates : du lundi 03 juin au vendredi 28 juin 2024 (sauf le vendredi 21 juin 2024).<br></p><p>Le trafic est interrompu entre Paris Montparnasse et Dreux dans les 2 sens.<br></p><p>Dernier train de Paris Montparnasse vers Dreux : 22h58.<br>Dernier train de Dreux vers Paris Montparnasse : 21h52.<br><br>Un service de bus de remplacement est mis en place, avec desserte des gares interm&#233;diaires.</p><p>Les horaires du calculateur d'itin&#233;raire tiennent compte des travaux.</p><p>Motif : travaux de maintenance.<br></p>",Actualité
7afafa36-0248-11ef-9935-0a58a9feac02,20240626T220000,20240627T023300,20240424T163939,TRAVAUX,PERTURBEE,Ligne N : Paris Montp. - Dreux du 3 au 28/06/24,"<p>P&#233;riode : en semaine, le soir &#224; partir de 22h00.</p><p>Dates : du lundi 03 juin au vendredi 28 juin 2024 (sauf le vendredi 21 juin 2024).<br></p><p>Le trafic est interrompu entre Paris Montparnasse et Dreux dans les 2 sens.<br></p><p>Dernier train de Paris Montparnasse vers Dreux : 22h58.<br>Dernier train de Dreux vers Paris Montparnasse : 21h52.<br><br>Un service de bus de remplacement est mis en place, avec desserte des gares interm&#233;diaires.</p><p>Les horaires du calculateur d'itin&#233;raire tiennent compte des travaux.</p><p>Motif : travaux de maintenance.<br></p>",Actualité
7afafa36-0248-11ef-9935-0a58a9feac02,20240627T220000,20240628T023300,20240424T163939,TRAVAUX,PERTURBEE,Ligne N : Paris Montp. - Dreux du 3 au 28/06/24,"<p>P&#233;riode : en semaine, le soir &#224; partir de 22h00.</p><p>Dates : du lundi 03 juin au vendredi 28 juin 2024 (sauf le vendredi 21 juin 2024).<br></p><p>Le trafic est interrompu entre Paris Montparnasse et Dreux dans les 2 sens.<br></p><p>Dernier train de Paris Montparnasse vers Dreux : 22h58.<br>Dernier train de Dreux vers Paris Montparnasse : 21h52.<br><br>Un service de bus de remplacement est mis en place, avec desserte des gares interm&#233;diaires.</p><p>Les horaires du calculateur d'itin&#233;raire tiennent compte des travaux.</p><p>Motif : travaux de maintenance.<br></p>",Actualité
dab49f84-024a-11ef-8953-0a58a9feac02,20240603T220000,20240604T021300,20240424T165639,TRAVAUX,PERTURBEE,Ligne U : La Défense-La Verrière du 03/06 au 28/06,"<p>P&#233;riode : en semaine, le soir &#224; partir de 22h.</p><p>Dates : du lundi 03 juin au vendredi 28 juin 2024 (sauf la semaine du lundi 10 juin au vendredi 14 juin ainsi que le vendredi 21 juin 2024).</p><p>Le trafic est interrompu entre La D&#233;fense et La Verri&#232;re dans les 2 sens.</p><p>Un service de bus de remplacement est mis en place, avec desserte des gares interm&#233;diaires.</p><p>Dernier d&#233;part de La D&#233;fense pour la Verri&#232;re: 22h15.<br>Dernier d&#233;part de La Verri&#232;re pour La D&#233;fense: 21h20.</p><p>Les horaires du calculateur d'itin&#233;raire tiennent compte des travaux.</p><p>Motif : travaux de maintenance.<br></p>",Actualité
dab49f84-024a-11ef-8953-0a58a9feac02,20240604T220000,20240605T021300,20240424T165639,TRAVAUX,PERTURBEE,Ligne U : La Défense-La Verrière du 03/06 au 28/06,"<p>P&#233;riode : en semaine, le soir &#224; partir de 22h.</p><p>Dates : du lundi 03 juin au vendredi 28 juin 2024 (sauf la semaine du lundi 10 juin au vendredi 14 juin ainsi que le vendredi 21 juin 2024).</p><p>Le trafic est interrompu entre La D&#233;fense et La Verri&#232;re dans les 2 sens.</p><p>Un service de bus de remplacement est mis en place, avec desserte des gares interm&#233;diaires.</p><p>Dernier d&#233;part de La D&#233;fense pour la Verri&#232;re: 22h15.<br>Dernier d&#233;part de La Verri&#232;re pour La D&#233;fense: 21h20.</p><p>Les horaires du calculateur d'itin&#233;raire tiennent compte des travaux.</p><p>Motif : travaux de maintenance.<br></p>",Actualité
dab49f84-024a-11ef-8953-0a58a9feac02,20240605T220000,20240606T021300,20240424T165639,TRAVAUX,PERTURBEE,Ligne U : La Défense-La Verrière du 03/06 au 28/06,"<p>P&#233;riode : en semaine, le soir &#224; partir de 22h.</p><p>Dates : du lundi 03 juin au vendredi 28 juin 2024 (sauf la semaine du lundi 10 juin au vendredi 14 juin ainsi que le vendredi 21 juin 2024).</p><p>Le trafic est interrompu entre La D&#233;fense et La Verri&#232;re dans les 2 sens.</p><p>Un service de bus de remplacement est mis en place, avec desserte des gares interm&#233;diaires.</p><p>Dernier d&#233;part de La D&#233;fense pour la Verri&#232;re: 22h15.<br>Dernier d&#233;part de La Verri&#232;re pour La D&#233;fense: 21h20.</p><p>Les horaires du calculateur d'itin&#233;raire tiennent compte des travaux.</p><p>Motif : travaux de maintenance.<br></p>",Actualité
dab49f84-024a-11ef-8953-0a58a9feac02,20240606T220000,20240607T021300,20240424T165639,TRAVAUX,PERTURBEE,Ligne U : La Défense-La Verrière du 03/06 au 28/06,"<p>P&#233;riode : en semaine, le soir &#224; partir de 22h.</p><p>Dates : du lundi 03 juin au vendredi 28 juin 2024 (sauf la semaine du lundi 10 juin au vendredi 14 juin ainsi que le vendredi 21 juin 2024).</p><p>Le trafic est interrompu entre La D&#233;fense et La Verri&#232;re dans les 2 sens.</p><p>Un service de bus de remplacement est mis en place, avec desserte des gares interm&#233;diaires.</p><p>Dernier d&#233;part de La D&#233;fense pour la Verri&#232;re: 22h15.<br>Dernier d&#233;part de La Verri&#232;re pour La D&#233;fense: 21h20.</p><p>Les horaires du calculateur d'itin&#233;raire tiennent compte des travaux.</p><p>Motif : travaux de maintenance.<br></p>",Actualité
dab49f84-024a-11ef-8953-0a58a9feac02,20240617T220000,20240618T021300,20240424T165639,TRAVAUX,PERTURBEE,Ligne U : La Défense-La Verrière du 03/06 au 28/06,"<p>P&#233;riode : en semaine, le soir &#224; partir de 22h.</p><p>Dates : du lundi 03 juin au vendredi 28 juin 2024 (sauf la semaine du lundi 10 juin au vendredi 14 juin ainsi que le vendredi 21 juin 2024).</p><p>Le trafic est interrompu entre La D&#233;fense et La Verri&#232;re dans les 2 sens.</p><p>Un service de bus de remplacement est mis en place, avec desserte des gares interm&#233;diaires.</p><p>Dernier d&#233;part de La D&#233;fense pour la Verri&#232;re: 22h15.<br>Dernier d&#233;part de La Verri&#232;re pour La D&#233;fense: 21h20.</p><p>Les horaires du calculateur d'itin&#233;raire tiennent compte des travaux.</p><p>Motif : travaux de maintenance.<br></p>",Actualité
dab49f84-024a-11ef-8953-0a58a9feac02,20240618T220000,20240619T021300,20240424T165639,TRAVAUX,PERTURBEE,Ligne U : La Défense-La Verrière du 03/06 au 28/06,"<p>P&#233;riode : en semaine, le soir &#224; partir de 22h.</p><p>Dates : du lundi 03 juin au vendredi 28 juin 2024 (sauf la semaine du lundi 10 juin au vendredi 14 juin ainsi que le vendredi 21 juin 2024).</p><p>Le trafic est interrompu entre La D&#233;fense et La Verri&#232;re dans les 2 sens.</p><p>Un service de bus de remplacement est mis en place, avec desserte des gares interm&#233;diaires.</p><p>Dernier d&#233;part de La D&#233;fense pour la Verri&#232;re: 22h15.<br>Dernier d&#233;part de La Verri&#232;re pour La D&#233;fense: 21h20.</p><p>Les horaires du calculateur d'itin&#233;raire tiennent compte des travaux.</p><p>Motif : travaux de maintenance.<br></p>",Actualité
dab49f84-024a-11ef-8953-0a58a9feac02,20240619T220000,20240620T021300,20240424T165639,TRAVAUX,PERTURBEE,Ligne U : La Défense-La Verrière du 03/06 au 28/06,"<p>P&#233;riode : en semaine, le soir &#224; partir de 22h.</p><p>Dates : du lundi 03 juin au vendredi 28 juin 2024 (sauf la semaine du lundi 10 juin au vendredi 14 juin ainsi que le vendredi 21 juin 2024).</p><p>Le trafic est interrompu entre La D&#233;fense et La Verri&#232;re dans les 2 sens.</p><p>Un service de bus de remplacement est mis en place, avec desserte des gares interm&#233;diaires.</p><p>Dernier d&#233;part de La D&#233;fense pour la Verri&#232;re: 22h15.<br>Dernier d&#233;part de La Verri&#232;re pour La D&#233;fense: 21h20.</p><p>Les horaires du calculateur d'itin&#233;raire tiennent compte des travaux.</p><p>Motif : travaux de maintenance.<br></p>",Actualité
dab49f84-024a-11ef-8953-0a58a9feac02,20240624T220000,20240625T021300,20240424T165639,TRAVAUX,PERTURBEE,Ligne U : La Défense-La Verrière du 03/06 au 28/06,"<p>P&#233;riode : en semaine, le soir &#224; partir de 22h.</p><p>Dates : du lundi 03 juin au vendredi 28 juin 2024 (sauf la semaine du lundi 10 juin au vendredi 14 juin ainsi que le vendredi 21 juin 2024).</p><p>Le trafic est interrompu entre La D&#233;fense et La Verri&#232;re dans les 2 sens.</p><p>Un service de bus de remplacement est mis en place, avec desserte des gares interm&#233;diaires.</p><p>Dernier d&#233;part de La D&#233;fense pour la Verri&#232;re: 22h15.<br>Dernier d&#233;part de La Verri&#232;re pour La D&#233;fense: 21h20.</p><p>Les horaires du calculateur d'itin&#233;raire tiennent compte des travaux.</p><p>Motif : travaux de maintenance.<br></p>",Actualité
dab49f84-024a-11ef-8953-0a58a9feac02,20240625T220000,20240626T021300,20240424T165639,TRAVAUX,PERTURBEE,Ligne U : La Défense-La Verrière du 03/06 au 28/06,"<p>P&#233;riode : en semaine, le soir &#224; partir de 22h.</p><p>Dates : du lundi 03 juin au vendredi 28 juin 2024 (sauf la semaine du lundi 10 juin au vendredi 14 juin ainsi que le vendredi 21 juin 2024).</p><p>Le trafic est interrompu entre La D&#233;fense et La Verri&#232;re dans les 2 sens.</p><p>Un service de bus de remplacement est mis en place, avec desserte des gares interm&#233;diaires.</p><p>Dernier d&#233;part de La D&#233;fense pour la Verri&#232;re: 22h15.<br>Dernier d&#233;part de La Verri&#232;re pour La D&#233;fense: 21h20.</p><p>Les horaires du calculateur d'itin&#233;raire tiennent compte des travaux.</p><p>Motif : travaux de maintenance.<br></p>",Actualité
dab49f84-024a-11ef-8953-0a58a9feac02,20240626T220000,20240627T021300,20240424T165639,TRAVAUX,PERTURBEE,Ligne U : La Défense-La Verrière du 03/06 au 28/06,"<p>P&#233;riode : en semaine, le soir &#224; partir de 22h.</p><p>Dates : du lundi 03 juin au vendredi 28 juin 2024 (sauf la semaine du lundi 10 juin au vendredi 14 juin ainsi que le vendredi 21 juin 2024).</p><p>Le trafic est interrompu entre La D&#233;fense et La Verri&#232;re dans les 2 sens.</p><p>Un service de bus de remplacement est mis en place, avec desserte des gares interm&#233;diaires.</p><p>Dernier d&#233;part de La D&#233;fense pour la Verri&#232;re: 22h15.<br>Dernier d&#233;part de La Verri&#232;re pour La D&#233;fense: 21h20.</p><p>Les horaires du calculateur d'itin&#233;raire tiennent compte des travaux.</p><p>Motif : travaux de maintenance.<br></p>",Actualité
dab49f84-024a-11ef-8953-0a58a9feac02,20240627T220000,20240628T021300,20240424T165639,TRAVAUX,PERTURBEE,Ligne U : La Défense-La Verrière du 03/06 au 28/06,"<p>P&#233;riode : en semaine, le soir &#224; partir de 22h.</p><p>Dates : du lundi 03 juin au vendredi 28 juin 2024 (sauf la semaine du lundi 10 juin au vendredi 14 juin ainsi que le vendredi 21 juin 2024).</p><p>Le trafic est interrompu entre La D&#233;fense et La Verri&#232;re dans les 2 sens.</p><p>Un service de bus de remplacement est mis en place, avec desserte des gares interm&#233;diaires.</p><p>Dernier d&#233;part de La D&#233;fense pour la Verri&#232;re: 22h15.<br>Dernier d&#233;part de La Verri&#232;re pour La D&#233;fense: 21h20.</p><p>Les horaires du calculateur d'itin&#233;raire tiennent compte des travaux.</p><p>Motif : travaux de maintenance.<br></p>",Actualité
6ecb0a90-024c-11ef-bdfc-0a58a9feac02,20240610T210000,20240611T021300,20240424T170757,TRAVAUX,PERTURBEE,Ligne U : La Défense-La Verrière du 10/06 au 14/06,"<p>P&#233;riode : en semaine, le soir &#224; partir de 21h.</p><p>Dates : du lundi 10 juin au vendredi 14 juin 2024.</p><p>Le trafic est interrompu entre La D&#233;fense et La Verri&#232;re dans les 2 sens.</p><p>Un service de bus de remplacement est mis en place, avec desserte des gares interm&#233;diaires.</p><p>Dernier d&#233;part de La D&#233;fense pour la Verri&#232;re: 21h15.<br>Dernier d&#233;part de La Verri&#232;re pour La D&#233;fense: 20h20.</p><p>Les horaires du calculateur d'itin&#233;raire tiennent compte des travaux.</p><p>Motif : travaux de maintenance.<br><br><br><br></p>",Actualité
6ecb0a90-024c-11ef-bdfc-0a58a9feac02,20240611T210000,20240612T021300,20240424T170757,TRAVAUX,PERTURBEE,Ligne U : La Défense-La Verrière du 10/06 au 14/06,"<p>P&#233;riode : en semaine, le soir &#224; partir de 21h.</p><p>Dates : du lundi 10 juin au vendredi 14 juin 2024.</p><p>Le trafic est interrompu entre La D&#233;fense et La Verri&#232;re dans les 2 sens.</p><p>Un service de bus de remplacement est mis en place, avec desserte des gares interm&#233;diaires.</p><p>Dernier d&#233;part de La D&#233;fense pour la Verri&#232;re: 21h15.<br>Dernier d&#233;part de La Verri&#232;re pour La D&#233;fense: 20h20.</p><p>Les horaires du calculateur d'itin&#233;raire tiennent compte des travaux.</p><p>Motif : travaux de maintenance.<br><br><br><br></p>",Actualité
6ecb0a90-024c-11ef-bdfc-0a58a9feac02,20240612T210000,20240613T021300,20240424T170757,TRAVAUX,PERTURBEE,Ligne U : La Défense-La Verrière du 10/06 au 14/06,"<p>P&#233;riode : en semaine, le soir &#224; partir de 21h.</p><p>Dates : du lundi 10 juin au vendredi 14 juin 2024.</p><p>Le trafic est interrompu entre La D&#233;fense et La Verri&#232;re dans les 2 sens.</p><p>Un service de bus de remplacement est mis en place, avec desserte des gares interm&#233;diaires.</p><p>Dernier d&#233;part de La D&#233;fense pour la Verri&#232;re: 21h15.<br>Dernier d&#233;part de La Verri&#232;re pour La D&#233;fense: 20h20.</p><p>Les horaires du calculateur d'itin&#233;raire tiennent compte des travaux.</p><p>Motif : travaux de maintenance.<br><br><br><br></p>",Actualité
6ecb0a90-024c-11ef-bdfc-0a58a9feac02,20240613T210000,20240614T021300,20240424T170757,TRAVAUX,PERTURBEE,Ligne U : La Défense-La Verrière du 10/06 au 14/06,"<p>P&#233;riode : en semaine, le soir &#224; partir de 21h.</p><p>Dates : du lundi 10 juin au vendredi 14 juin 2024.</p><p>Le trafic est interrompu entre La D&#233;fense et La Verri&#232;re dans les 2 sens.</p><p>Un service de bus de remplacement est mis en place, avec desserte des gares interm&#233;diaires.</p><p>Dernier d&#233;part de La D&#233;fense pour la Verri&#232;re: 21h15.<br>Dernier d&#233;part de La Verri&#232;re pour La D&#233;fense: 20h20.</p><p>Les horaires du calculateur d'itin&#233;raire tiennent compte des travaux.</p><p>Motif : travaux de maintenance.<br><br><br><br></p>",Actualité
241c2b4c-025a-11ef-bcf2-0a58a9feac02,20240425T000000,20240825T235900,20240424T184604,PERTURBATION,PERTURBEE,⚠️🚍Déviation - Ligne 2176 - Du 25 avril jusqu’à la fin de travaux,"<p>⚠️🚍Déviation - Ligne 2176 - Du 25 avril jusqu’à la fin de travaux</p><p>&nbsp;</p><p>En raison de travaux avenue de Verdun, la voie est fermée à la circulation en direction de collège Éric Satie.</p><p><strong>❌L'arrêt Verdun ne sera pas desservi</strong></p><p><strong>✅Report à l’arrêt Gare de Villeparisis Mitry</strong></p><p>&nbsp;</p><p>Veuillez nous excuser de la gêne occasionnée</p>",Actualité
98ed65d8-02de-11ef-bdfc-0a58a9feac02,20240425T102400,20241031T122400,20240425T103414,PERTURBATION,PERTURBEE,Travaux rue Nationale de Limay,"<p><strong>Perturbations</strong></p><p><span style=""background-color:rgb(255,255,255);color:rgb(15,20,25);"">En raison de la congestion routière due aux travaux rue Nationale de Limay, les arrêts suivants ne seront pas desservis du lundi 08 janvier 2024 jusqu'à la fin des travaux uniquement du lundi au vendredi de 16h à 19h30.&nbsp;</span></p><p><strong>Sens Plaisances/Plaisances&nbsp;: Henri Clérisse, Saint-Maclou et Palais de Justice</strong></p><p><strong>Sens Résidence/Résidence&nbsp;: Sangle et Henri Clérisse&nbsp;: Arrêt de report &gt; Normandie</strong></p><p><a href=""https://images.prismic.io/portail-idfm-operateurs/4eb6a733-325b-4e88-9367-9a81b98352bb_18.+SPP+TFT+ligne+D+travaux+rue+Nationale.png?auto=compress,format""><span style=""background-color:rgb(255,255,255);color:rgb(15,20,25);"">Pour plus d'informations, cliquez ici</span></a></p>",Actualité
b6b7de48-02e5-11ef-9935-0a58a9feac02,20240415T040000,20240629T000000,20240425T112510,PERTURBATION,PERTURBEE,Terres d'Envol - Ligne 620 - Travaux,"<p>⚠️ En raison de travaux à Blanc-Mesnil, les arrêts Audran et Place de la Libération ne seront pas desservis dans les deux directions : <br>     <br>📆 Du lundi 15 avril au vendredi 28 juin 2024<br>     <br>↪️ L’arrêt Mairie dans les deux sens sera déplacé aux arrêts Hôtel de Ville de la ligne 607.<br>↪️ L’arrêt Docteur Calmette dans les deux sens sera déplacé aux arrêts Eglise Notre Dame de la ligne 607.<br>↪️ L’arrêt La Fontaine dans les deux sens sera déplacé aux arrêts Marcos de la ligne 607.<br>     <br>Nous vous prions de bien vouloir nous excuser pour la gêne occasionnée. <br>      <br>620_2024_09</p>",
8401ee84-039f-11ef-8953-0a58a9feac02,20240429T050000,20240607T230000,20240426T093512,PERTURBATION,PERTURBEE,L6281 - Du 29/4 au 7/6/24_Val André,"<p>Du lundi 29 avril au vendredi 7 juin 2024<br>En raison de travaux Avenue de Saint-Germain sur la commune du Pecq, l'arrêt VAL ANDRE est reporté 50 mètres plus loin (en direction de La Celle-Saint-Cloud).</p>",
d3902f54-03d3-11ef-a614-0a58a9feac02,20240521T230000,20240522T030000,20240426T154939,TRAVAUX,PERTURBEE,Ligne J : Argenteuil - Ermont du 21/05 au 07/06,"<p>P&#233;riode : &#224; partir de 22h35</p><p>Dates : du mardi 21 mai au vendredi 07 juin, sauf les samedis et dimanches.&#160;&#11;</p><p>Le trafic est interrompu entre Argenteuil et Ermont Eaubonne.&#160;</p><p>Les trains EOPE (Paris Saint-Lazare - Argenteuil) et PAPU&#160; (Argenteuil - Paris Saint-Lazare) ne desservent pas les gares de Bois Colombes, Colombes et Le Stade. <br></p><p>La desserte des trains est modifi&#233;e entre Paris Saint-Lazare et Conflans Sainte-Honorine, les gares de Bois Colombes, Colombes et Le Stade ne sont pas desservies. <br></p><p>Dernier train en circulation normale de Ermont Eaubonne &#224; Paris Saint-Lazare : 22h28<br>Dernier train en circulation normale de Paris Saint-Lazare &#224; Ermont Eaubonne : 22h13</p><p>Un service de bus de remplacement est mis en place entre Asni&#232;res sur Seine - Argenteuil / Ermont Eaubonne avec desserte des gares interm&#233;diaires. <br></p><p>Les horaires du calculateur d'itin&#233;raire tiennent compte des travaux</p><p>Motif : travaux<br></p><p><br></p><p><br></p>",Actualité
d3902f54-03d3-11ef-a614-0a58a9feac02,20240522T230000,20240523T030000,20240426T154939,TRAVAUX,PERTURBEE,Ligne J : Argenteuil - Ermont du 21/05 au 07/06,"<p>P&#233;riode : &#224; partir de 22h35</p><p>Dates : du mardi 21 mai au vendredi 07 juin, sauf les samedis et dimanches.&#160;&#11;</p><p>Le trafic est interrompu entre Argenteuil et Ermont Eaubonne.&#160;</p><p>Les trains EOPE (Paris Saint-Lazare - Argenteuil) et PAPU&#160; (Argenteuil - Paris Saint-Lazare) ne desservent pas les gares de Bois Colombes, Colombes et Le Stade. <br></p><p>La desserte des trains est modifi&#233;e entre Paris Saint-Lazare et Conflans Sainte-Honorine, les gares de Bois Colombes, Colombes et Le Stade ne sont pas desservies. <br></p><p>Dernier train en circulation normale de Ermont Eaubonne &#224; Paris Saint-Lazare : 22h28<br>Dernier train en circulation normale de Paris Saint-Lazare &#224; Ermont Eaubonne : 22h13</p><p>Un service de bus de remplacement est mis en place entre Asni&#232;res sur Seine - Argenteuil / Ermont Eaubonne avec desserte des gares interm&#233;diaires. <br></p><p>Les horaires du calculateur d'itin&#233;raire tiennent compte des travaux</p><p>Motif : travaux<br></p><p><br></p><p><br></p>",Actualité
d3902f54-03d3-11ef-a614-0a58a9feac02,20240523T230000,20240524T030000,20240426T154939,TRAVAUX,PERTURBEE,Ligne J : Argenteuil - Ermont du 21/05 au 07/06,"<p>P&#233;riode : &#224; partir de 22h35</p><p>Dates : du mardi 21 mai au vendredi 07 juin, sauf les samedis et dimanches.&#160;&#11;</p><p>Le trafic est interrompu entre Argenteuil et Ermont Eaubonne.&#160;</p><p>Les trains EOPE (Paris Saint-Lazare - Argenteuil) et PAPU&#160; (Argenteuil - Paris Saint-Lazare) ne desservent pas les gares de Bois Colombes, Colombes et Le Stade. <br></p><p>La desserte des trains est modifi&#233;e entre Paris Saint-Lazare et Conflans Sainte-Honorine, les gares de Bois Colombes, Colombes et Le Stade ne sont pas desservies. <br></p><p>Dernier train en circulation normale de Ermont Eaubonne &#224; Paris Saint-Lazare : 22h28<br>Dernier train en circulation normale de Paris Saint-Lazare &#224; Ermont Eaubonne : 22h13</p><p>Un service de bus de remplacement est mis en place entre Asni&#232;res sur Seine - Argenteuil / Ermont Eaubonne avec desserte des gares interm&#233;diaires. <br></p><p>Les horaires du calculateur d'itin&#233;raire tiennent compte des travaux</p><p>Motif : travaux<br></p><p><br></p><p><br></p>",Actualité
d3902f54-03d3-11ef-a614-0a58a9feac02,20240524T230000,20240525T030000,20240426T154939,TRAVAUX,PERTURBEE,Ligne J : Argenteuil - Ermont du 21/05 au 07/06,"<p>P&#233;riode : &#224; partir de 22h35</p><p>Dates : du mardi 21 mai au vendredi 07 juin, sauf les samedis et dimanches.&#160;&#11;</p><p>Le trafic est interrompu entre Argenteuil et Ermont Eaubonne.&#160;</p><p>Les trains EOPE (Paris Saint-Lazare - Argenteuil) et PAPU&#160; (Argenteuil - Paris Saint-Lazare) ne desservent pas les gares de Bois Colombes, Colombes et Le Stade. <br></p><p>La desserte des trains est modifi&#233;e entre Paris Saint-Lazare et Conflans Sainte-Honorine, les gares de Bois Colombes, Colombes et Le Stade ne sont pas desservies. <br></p><p>Dernier train en circulation normale de Ermont Eaubonne &#224; Paris Saint-Lazare : 22h28<br>Dernier train en circulation normale de Paris Saint-Lazare &#224; Ermont Eaubonne : 22h13</p><p>Un service de bus de remplacement est mis en place entre Asni&#232;res sur Seine - Argenteuil / Ermont Eaubonne avec desserte des gares interm&#233;diaires. <br></p><p>Les horaires du calculateur d'itin&#233;raire tiennent compte des travaux</p><p>Motif : travaux<br></p><p><br></p><p><br></p>",Actualité
d3902f54-03d3-11ef-a614-0a58a9feac02,20240527T230000,20240528T030000,20240426T154939,TRAVAUX,PERTURBEE,Ligne J : Argenteuil - Ermont du 21/05 au 07/06,"<p>P&#233;riode : &#224; partir de 22h35</p><p>Dates : du mardi 21 mai au vendredi 07 juin, sauf les samedis et dimanches.&#160;&#11;</p><p>Le trafic est interrompu entre Argenteuil et Ermont Eaubonne.&#160;</p><p>Les trains EOPE (Paris Saint-Lazare - Argenteuil) et PAPU&#160; (Argenteuil - Paris Saint-Lazare) ne desservent pas les gares de Bois Colombes, Colombes et Le Stade. <br></p><p>La desserte des trains est modifi&#233;e entre Paris Saint-Lazare et Conflans Sainte-Honorine, les gares de Bois Colombes, Colombes et Le Stade ne sont pas desservies. <br></p><p>Dernier train en circulation normale de Ermont Eaubonne &#224; Paris Saint-Lazare : 22h28<br>Dernier train en circulation normale de Paris Saint-Lazare &#224; Ermont Eaubonne : 22h13</p><p>Un service de bus de remplacement est mis en place entre Asni&#232;res sur Seine - Argenteuil / Ermont Eaubonne avec desserte des gares interm&#233;diaires. <br></p><p>Les horaires du calculateur d'itin&#233;raire tiennent compte des travaux</p><p>Motif : travaux<br></p><p><br></p><p><br></p>",Actualité
d3902f54-03d3-11ef-a614-0a58a9feac02,20240528T230000,20240529T030000,20240426T154939,TRAVAUX,PERTURBEE,Ligne J : Argenteuil - Ermont du 21/05 au 07/06,"<p>P&#233;riode : &#224; partir de 22h35</p><p>Dates : du mardi 21 mai au vendredi 07 juin, sauf les samedis et dimanches.&#160;&#11;</p><p>Le trafic est interrompu entre Argenteuil et Ermont Eaubonne.&#160;</p><p>Les trains EOPE (Paris Saint-Lazare - Argenteuil) et PAPU&#160; (Argenteuil - Paris Saint-Lazare) ne desservent pas les gares de Bois Colombes, Colombes et Le Stade. <br></p><p>La desserte des trains est modifi&#233;e entre Paris Saint-Lazare et Conflans Sainte-Honorine, les gares de Bois Colombes, Colombes et Le Stade ne sont pas desservies. <br></p><p>Dernier train en circulation normale de Ermont Eaubonne &#224; Paris Saint-Lazare : 22h28<br>Dernier train en circulation normale de Paris Saint-Lazare &#224; Ermont Eaubonne : 22h13</p><p>Un service de bus de remplacement est mis en place entre Asni&#232;res sur Seine - Argenteuil / Ermont Eaubonne avec desserte des gares interm&#233;diaires. <br></p><p>Les horaires du calculateur d'itin&#233;raire tiennent compte des travaux</p><p>Motif : travaux<br></p><p><br></p><p><br></p>",Actualité
d3902f54-03d3-11ef-a614-0a58a9feac02,20240529T230000,20240530T030000,20240426T154939,TRAVAUX,PERTURBEE,Ligne J : Argenteuil - Ermont du 21/05 au 07/06,"<p>P&#233;riode : &#224; partir de 22h35</p><p>Dates : du mardi 21 mai au vendredi 07 juin, sauf les samedis et dimanches.&#160;&#11;</p><p>Le trafic est interrompu entre Argenteuil et Ermont Eaubonne.&#160;</p><p>Les trains EOPE (Paris Saint-Lazare - Argenteuil) et PAPU&#160; (Argenteuil - Paris Saint-Lazare) ne desservent pas les gares de Bois Colombes, Colombes et Le Stade. <br></p><p>La desserte des trains est modifi&#233;e entre Paris Saint-Lazare et Conflans Sainte-Honorine, les gares de Bois Colombes, Colombes et Le Stade ne sont pas desservies. <br></p><p>Dernier train en circulation normale de Ermont Eaubonne &#224; Paris Saint-Lazare : 22h28<br>Dernier train en circulation normale de Paris Saint-Lazare &#224; Ermont Eaubonne : 22h13</p><p>Un service de bus de remplacement est mis en place entre Asni&#232;res sur Seine - Argenteuil / Ermont Eaubonne avec desserte des gares interm&#233;diaires. <br></p><p>Les horaires du calculateur d'itin&#233;raire tiennent compte des travaux</p><p>Motif : travaux<br></p><p><br></p><p><br></p>",Actualité
d3902f54-03d3-11ef-a614-0a58a9feac02,20240530T230000,20240531T030000,20240426T154939,TRAVAUX,PERTURBEE,Ligne J : Argenteuil - Ermont du 21/05 au 07/06,"<p>P&#233;riode : &#224; partir de 22h35</p><p>Dates : du mardi 21 mai au vendredi 07 juin, sauf les samedis et dimanches.&#160;&#11;</p><p>Le trafic est interrompu entre Argenteuil et Ermont Eaubonne.&#160;</p><p>Les trains EOPE (Paris Saint-Lazare - Argenteuil) et PAPU&#160; (Argenteuil - Paris Saint-Lazare) ne desservent pas les gares de Bois Colombes, Colombes et Le Stade. <br></p><p>La desserte des trains est modifi&#233;e entre Paris Saint-Lazare et Conflans Sainte-Honorine, les gares de Bois Colombes, Colombes et Le Stade ne sont pas desservies. <br></p><p>Dernier train en circulation normale de Ermont Eaubonne &#224; Paris Saint-Lazare : 22h28<br>Dernier train en circulation normale de Paris Saint-Lazare &#224; Ermont Eaubonne : 22h13</p><p>Un service de bus de remplacement est mis en place entre Asni&#232;res sur Seine - Argenteuil / Ermont Eaubonne avec desserte des gares interm&#233;diaires. <br></p><p>Les horaires du calculateur d'itin&#233;raire tiennent compte des travaux</p><p>Motif : travaux<br></p><p><br></p><p><br></p>",Actualité
d3902f54-03d3-11ef-a614-0a58a9feac02,20240531T230000,20240601T030000,20240426T154939,TRAVAUX,PERTURBEE,Ligne J : Argenteuil - Ermont du 21/05 au 07/06,"<p>P&#233;riode : &#224; partir de 22h35</p><p>Dates : du mardi 21 mai au vendredi 07 juin, sauf les samedis et dimanches.&#160;&#11;</p><p>Le trafic est interrompu entre Argenteuil et Ermont Eaubonne.&#160;</p><p>Les trains EOPE (Paris Saint-Lazare - Argenteuil) et PAPU&#160; (Argenteuil - Paris Saint-Lazare) ne desservent pas les gares de Bois Colombes, Colombes et Le Stade. <br></p><p>La desserte des trains est modifi&#233;e entre Paris Saint-Lazare et Conflans Sainte-Honorine, les gares de Bois Colombes, Colombes et Le Stade ne sont pas desservies. <br></p><p>Dernier train en circulation normale de Ermont Eaubonne &#224; Paris Saint-Lazare : 22h28<br>Dernier train en circulation normale de Paris Saint-Lazare &#224; Ermont Eaubonne : 22h13</p><p>Un service de bus de remplacement est mis en place entre Asni&#232;res sur Seine - Argenteuil / Ermont Eaubonne avec desserte des gares interm&#233;diaires. <br></p><p>Les horaires du calculateur d'itin&#233;raire tiennent compte des travaux</p><p>Motif : travaux<br></p><p><br></p><p><br></p>",Actualité
d3902f54-03d3-11ef-a614-0a58a9feac02,20240603T230000,20240604T030000,20240426T154939,TRAVAUX,PERTURBEE,Ligne J : Argenteuil - Ermont du 21/05 au 07/06,"<p>P&#233;riode : &#224; partir de 22h35</p><p>Dates : du mardi 21 mai au vendredi 07 juin, sauf les samedis et dimanches.&#160;&#11;</p><p>Le trafic est interrompu entre Argenteuil et Ermont Eaubonne.&#160;</p><p>Les trains EOPE (Paris Saint-Lazare - Argenteuil) et PAPU&#160; (Argenteuil - Paris Saint-Lazare) ne desservent pas les gares de Bois Colombes, Colombes et Le Stade. <br></p><p>La desserte des trains est modifi&#233;e entre Paris Saint-Lazare et Conflans Sainte-Honorine, les gares de Bois Colombes, Colombes et Le Stade ne sont pas desservies. <br></p><p>Dernier train en circulation normale de Ermont Eaubonne &#224; Paris Saint-Lazare : 22h28<br>Dernier train en circulation normale de Paris Saint-Lazare &#224; Ermont Eaubonne : 22h13</p><p>Un service de bus de remplacement est mis en place entre Asni&#232;res sur Seine - Argenteuil / Ermont Eaubonne avec desserte des gares interm&#233;diaires. <br></p><p>Les horaires du calculateur d'itin&#233;raire tiennent compte des travaux</p><p>Motif : travaux<br></p><p><br></p><p><br></p>",Actualité
d3902f54-03d3-11ef-a614-0a58a9feac02,20240604T230000,20240605T030000,20240426T154939,TRAVAUX,PERTURBEE,Ligne J : Argenteuil - Ermont du 21/05 au 07/06,"<p>P&#233;riode : &#224; partir de 22h35</p><p>Dates : du mardi 21 mai au vendredi 07 juin, sauf les samedis et dimanches.&#160;&#11;</p><p>Le trafic est interrompu entre Argenteuil et Ermont Eaubonne.&#160;</p><p>Les trains EOPE (Paris Saint-Lazare - Argenteuil) et PAPU&#160; (Argenteuil - Paris Saint-Lazare) ne desservent pas les gares de Bois Colombes, Colombes et Le Stade. <br></p><p>La desserte des trains est modifi&#233;e entre Paris Saint-Lazare et Conflans Sainte-Honorine, les gares de Bois Colombes, Colombes et Le Stade ne sont pas desservies. <br></p><p>Dernier train en circulation normale de Ermont Eaubonne &#224; Paris Saint-Lazare : 22h28<br>Dernier train en circulation normale de Paris Saint-Lazare &#224; Ermont Eaubonne : 22h13</p><p>Un service de bus de remplacement est mis en place entre Asni&#232;res sur Seine - Argenteuil / Ermont Eaubonne avec desserte des gares interm&#233;diaires. <br></p><p>Les horaires du calculateur d'itin&#233;raire tiennent compte des travaux</p><p>Motif : travaux<br></p><p><br></p><p><br></p>",Actualité
d3902f54-03d3-11ef-a614-0a58a9feac02,20240605T230000,20240606T030000,20240426T154939,TRAVAUX,PERTURBEE,Ligne J : Argenteuil - Ermont du 21/05 au 07/06,"<p>P&#233;riode : &#224; partir de 22h35</p><p>Dates : du mardi 21 mai au vendredi 07 juin, sauf les samedis et dimanches.&#160;&#11;</p><p>Le trafic est interrompu entre Argenteuil et Ermont Eaubonne.&#160;</p><p>Les trains EOPE (Paris Saint-Lazare - Argenteuil) et PAPU&#160; (Argenteuil - Paris Saint-Lazare) ne desservent pas les gares de Bois Colombes, Colombes et Le Stade. <br></p><p>La desserte des trains est modifi&#233;e entre Paris Saint-Lazare et Conflans Sainte-Honorine, les gares de Bois Colombes, Colombes et Le Stade ne sont pas desservies. <br></p><p>Dernier train en circulation normale de Ermont Eaubonne &#224; Paris Saint-Lazare : 22h28<br>Dernier train en circulation normale de Paris Saint-Lazare &#224; Ermont Eaubonne : 22h13</p><p>Un service de bus de remplacement est mis en place entre Asni&#232;res sur Seine - Argenteuil / Ermont Eaubonne avec desserte des gares interm&#233;diaires. <br></p><p>Les horaires du calculateur d'itin&#233;raire tiennent compte des travaux</p><p>Motif : travaux<br></p><p><br></p><p><br></p>",Actualité
